"0","# 由linename元素判斷垃圾車有幾條路線。"
"0","factor(garbageRoutes$linename) -> garbageRoutes$linename"
"0","levels(garbageRoutes$linename)"
"1"," [1]"
"1"," ""金山1路線 晚上1""    "
"1"," ""金山2路線 晚上1""    "
"1","
"
"1"," [3]"
"1"," ""金山3路線 晚上1""    "
"1"," ""A01路線下午""        "
"1","
"
"1"," [5]"
"1"," ""A02路線下午""        "
"1"," ""A03路線下午""        "
"1","
"
"1"," [7]"
"1"," ""A04路線下午""        "
"1"," ""A05路線下午""        "
"1","
"
"1"," [9]"
"1"," ""A09路線""            "
"1"," ""A10路線下午""        "
"1","
"
"1","[11]"
"1"," ""A11路線(一、四)下午"""
"1"," ""A12路線下午(1.4版)"" "
"1","
"
"1","[13]"
"1"," ""A13路線下午""        "
"1"," ""A14路線下午""        "
"1","
"
"1","[15]"
"1"," ""A16路線""            "
"1"," ""A17路線下午""        "
"1","
"
"1","[17]"
"1"," ""A19路線下午""        "
"1"," ""A路線下午""          "
"1","
"
"1","[19]"
"1"," ""B01路線下午""        "
"1"," ""B02路線(一、四)下午"""
"1","
"
"1","[21]"
"1"," ""B03路線下午""        "
"1"," ""B04路線下午""        "
"1","
"
"1","[23]"
"1"," ""B06路線下午""        "
"1"," ""B08路線下午""        "
"1","
"
"1","[25]"
"1"," ""B09路線下午""        "
"1"," ""B路線下午""          "
"1","
"
"1","[27]"
"1"," ""C路線晚上""          "
"1"," ""D路線晚上""          "
"1","
"
"0","  "
"0","# 由linename創造： 可篩選出下午路線的「要/不要」向量pick_afternoonRoutes。"
"0","pick_afternoonRoutes <-"
"0","  stringr::str_detect("
"0","    garbageRoutes$linename,"
"0","    ""下午"""
"0","  )"
"0","garbageRoutes$linename[pick_afternoonRoutes]"
"1","   [1]"
"1"," A路線下午          "
"1"," A路線下午          "
"1","
"
"1","   [3]"
"1"," A路線下午          "
"1"," A路線下午          "
"1","
"
"1","   [5]"
"1"," A路線下午          "
"1"," A路線下午          "
"1","
"
"1","   [7]"
"1"," A路線下午          "
"1"," A路線下午          "
"1","
"
"1","   [9]"
"1"," A路線下午          "
"1"," A路線下午          "
"1","
"
"1","  [11]"
"1"," A路線下午          "
"1"," A路線下午          "
"1","
"
"1","  [13]"
"1"," A路線下午          "
"1"," A路線下午          "
"1","
"
"1","  [15]"
"1"," A路線下午          "
"1"," A路線下午          "
"1","
"
"1","  [17]"
"1"," A路線下午          "
"1"," A路線下午          "
"1","
"
"1","  [19]"
"1"," A路線下午          "
"1"," A路線下午          "
"1","
"
"1","  [21]"
"1"," A路線下午          "
"1"," A路線下午          "
"1","
"
"1","  [23]"
"1"," A路線下午          "
"1"," A路線下午          "
"1","
"
"1","  [25]"
"1"," A路線下午          "
"1"," A路線下午          "
"1","
"
"1","  [27]"
"1"," A路線下午          "
"1"," A路線下午          "
"1","
"
"1","  [29]"
"1"," A路線下午          "
"1"," A路線下午          "
"1","
"
"1","  [31]"
"1"," A路線下午          "
"1"," A路線下午          "
"1","
"
"1","  [33]"
"1"," A路線下午          "
"1"," A路線下午          "
"1","
"
"1","  [35]"
"1"," A路線下午          "
"1"," A路線下午          "
"1","
"
"1","  [37]"
"1"," B路線下午          "
"1"," B路線下午          "
"1","
"
"1","  [39]"
"1"," B路線下午          "
"1"," B路線下午          "
"1","
"
"1","  [41]"
"1"," B路線下午          "
"1"," B路線下午          "
"1","
"
"1","  [43]"
"1"," B路線下午          "
"1"," B路線下午          "
"1","
"
"1","  [45]"
"1"," B路線下午          "
"1"," B路線下午          "
"1","
"
"1","  [47]"
"1"," B路線下午          "
"1"," B路線下午          "
"1","
"
"1","  [49]"
"1"," B路線下午          "
"1"," B路線下午          "
"1","
"
"1","  [51]"
"1"," B路線下午          "
"1"," B路線下午          "
"1","
"
"1","  [53]"
"1"," B路線下午          "
"1"," B路線下午          "
"1","
"
"1","  [55]"
"1"," B路線下午          "
"1"," B路線下午          "
"1","
"
"1","  [57]"
"1"," B路線下午          "
"1"," B路線下午          "
"1","
"
"1","  [59]"
"1"," B路線下午          "
"1"," B路線下午          "
"1","
"
"1","  [61]"
"1"," B路線下午          "
"1"," B路線下午          "
"1","
"
"1","  [63]"
"1"," B路線下午          "
"1"," B路線下午          "
"1","
"
"1","  [65]"
"1"," B路線下午          "
"1"," B路線下午          "
"1","
"
"1","  [67]"
"1"," B路線下午          "
"1"," B路線下午          "
"1","
"
"1","  [69]"
"1"," B路線下午          "
"1"," B路線下午          "
"1","
"
"1","  [71]"
"1"," B路線下午          "
"1"," B路線下午          "
"1","
"
"1","  [73]"
"1"," A01路線下午        "
"1"," A01路線下午        "
"1","
"
"1","  [75]"
"1"," A01路線下午        "
"1"," A01路線下午        "
"1","
"
"1","  [77]"
"1"," A01路線下午        "
"1"," A01路線下午        "
"1","
"
"1","  [79]"
"1"," A01路線下午        "
"1"," A01路線下午        "
"1","
"
"1","  [81]"
"1"," A01路線下午        "
"1"," A01路線下午        "
"1","
"
"1","  [83]"
"1"," A01路線下午        "
"1"," A01路線下午        "
"1","
"
"1","  [85]"
"1"," A01路線下午        "
"1"," A01路線下午        "
"1","
"
"1","  [87]"
"1"," A01路線下午        "
"1"," A01路線下午        "
"1","
"
"1","  [89]"
"1"," A01路線下午        "
"1"," A01路線下午        "
"1","
"
"1","  [91]"
"1"," A01路線下午        "
"1"," A01路線下午        "
"1","
"
"1","  [93]"
"1"," A01路線下午        "
"1"," A01路線下午        "
"1","
"
"1","  [95]"
"1"," A01路線下午        "
"1"," A01路線下午        "
"1","
"
"1","  [97]"
"1"," A01路線下午        "
"1"," A01路線下午        "
"1","
"
"1","  [99]"
"1"," A01路線下午        "
"1"," A01路線下午        "
"1","
"
"1"," [101]"
"1"," A01路線下午        "
"1"," A01路線下午        "
"1","
"
"1"," [103]"
"1"," A01路線下午        "
"1"," A01路線下午        "
"1","
"
"1"," [105]"
"1"," A01路線下午        "
"1"," A01路線下午        "
"1","
"
"1"," [107]"
"1"," A01路線下午        "
"1"," A01路線下午        "
"1","
"
"1"," [109]"
"1"," A01路線下午        "
"1"," A01路線下午        "
"1","
"
"1"," [111]"
"1"," A01路線下午        "
"1"," A01路線下午        "
"1","
"
"1"," [113]"
"1"," A01路線下午        "
"1"," A01路線下午        "
"1","
"
"1"," [115]"
"1"," A01路線下午        "
"1"," A01路線下午        "
"1","
"
"1"," [117]"
"1"," A01路線下午        "
"1"," A01路線下午        "
"1","
"
"1"," [119]"
"1"," A01路線下午        "
"1"," A01路線下午        "
"1","
"
"1"," [121]"
"1"," A01路線下午        "
"1"," A01路線下午        "
"1","
"
"1"," [123]"
"1"," A01路線下午        "
"1"," A01路線下午        "
"1","
"
"1"," [125]"
"1"," A01路線下午        "
"1"," A01路線下午        "
"1","
"
"1"," [127]"
"1"," A01路線下午        "
"1"," A01路線下午        "
"1","
"
"1"," [129]"
"1"," A01路線下午        "
"1"," A01路線下午        "
"1","
"
"1"," [131]"
"1"," A01路線下午        "
"1"," A01路線下午        "
"1","
"
"1"," [133]"
"1"," A01路線下午        "
"1"," A01路線下午        "
"1","
"
"1"," [135]"
"1"," A01路線下午        "
"1"," A01路線下午        "
"1","
"
"1"," [137]"
"1"," A01路線下午        "
"1"," A01路線下午        "
"1","
"
"1"," [139]"
"1"," A01路線下午        "
"1"," A01路線下午        "
"1","
"
"1"," [141]"
"1"," A01路線下午        "
"1"," A01路線下午        "
"1","
"
"1"," [143]"
"1"," A01路線下午        "
"1"," A01路線下午        "
"1","
"
"1"," [145]"
"1"," A01路線下午        "
"1"," A01路線下午        "
"1","
"
"1"," [147]"
"1"," A01路線下午        "
"1"," A01路線下午        "
"1","
"
"1"," [149]"
"1"," A01路線下午        "
"1"," A01路線下午        "
"1","
"
"1"," [151]"
"1"," A01路線下午        "
"1"," A01路線下午        "
"1","
"
"1"," [153]"
"1"," A01路線下午        "
"1"," A02路線下午        "
"1","
"
"1"," [155]"
"1"," A02路線下午        "
"1"," A02路線下午        "
"1","
"
"1"," [157]"
"1"," A02路線下午        "
"1"," A02路線下午        "
"1","
"
"1"," [159]"
"1"," A02路線下午        "
"1"," A02路線下午        "
"1","
"
"1"," [161]"
"1"," A02路線下午        "
"1"," A02路線下午        "
"1","
"
"1"," [163]"
"1"," A02路線下午        "
"1"," A02路線下午        "
"1","
"
"1"," [165]"
"1"," A02路線下午        "
"1"," A02路線下午        "
"1","
"
"1"," [167]"
"1"," A02路線下午        "
"1"," A02路線下午        "
"1","
"
"1"," [169]"
"1"," A02路線下午        "
"1"," A02路線下午        "
"1","
"
"1"," [171]"
"1"," A02路線下午        "
"1"," A02路線下午        "
"1","
"
"1"," [173]"
"1"," A02路線下午        "
"1"," A02路線下午        "
"1","
"
"1"," [175]"
"1"," A02路線下午        "
"1"," A02路線下午        "
"1","
"
"1"," [177]"
"1"," A02路線下午        "
"1"," A02路線下午        "
"1","
"
"1"," [179]"
"1"," A02路線下午        "
"1"," A02路線下午        "
"1","
"
"1"," [181]"
"1"," A02路線下午        "
"1"," A02路線下午        "
"1","
"
"1"," [183]"
"1"," A02路線下午        "
"1"," A02路線下午        "
"1","
"
"1"," [185]"
"1"," A02路線下午        "
"1"," A02路線下午        "
"1","
"
"1"," [187]"
"1"," A02路線下午        "
"1"," A02路線下午        "
"1","
"
"1"," [189]"
"1"," A02路線下午        "
"1"," A02路線下午        "
"1","
"
"1"," [191]"
"1"," A02路線下午        "
"1"," A02路線下午        "
"1","
"
"1"," [193]"
"1"," A02路線下午        "
"1"," A02路線下午        "
"1","
"
"1"," [195]"
"1"," A02路線下午        "
"1"," A02路線下午        "
"1","
"
"1"," [197]"
"1"," A02路線下午        "
"1"," A02路線下午        "
"1","
"
"1"," [199]"
"1"," A02路線下午        "
"1"," A02路線下午        "
"1","
"
"1"," [201]"
"1"," A02路線下午        "
"1"," A02路線下午        "
"1","
"
"1"," [203]"
"1"," A02路線下午        "
"1"," A02路線下午        "
"1","
"
"1"," [205]"
"1"," A02路線下午        "
"1"," A02路線下午        "
"1","
"
"1"," [207]"
"1"," A02路線下午        "
"1"," A02路線下午        "
"1","
"
"1"," [209]"
"1"," A02路線下午        "
"1"," A02路線下午        "
"1","
"
"1"," [211]"
"1"," A02路線下午        "
"1"," A02路線下午        "
"1","
"
"1"," [213]"
"1"," A02路線下午        "
"1"," A02路線下午        "
"1","
"
"1"," [215]"
"1"," A02路線下午        "
"1"," A02路線下午        "
"1","
"
"1"," [217]"
"1"," A02路線下午        "
"1"," A02路線下午        "
"1","
"
"1"," [219]"
"1"," A02路線下午        "
"1"," A02路線下午        "
"1","
"
"1"," [221]"
"1"," A02路線下午        "
"1"," A02路線下午        "
"1","
"
"1"," [223]"
"1"," A02路線下午        "
"1"," A02路線下午        "
"1","
"
"1"," [225]"
"1"," A02路線下午        "
"1"," A02路線下午        "
"1","
"
"1"," [227]"
"1"," A02路線下午        "
"1"," A02路線下午        "
"1","
"
"1"," [229]"
"1"," A03路線下午        "
"1"," A03路線下午        "
"1","
"
"1"," [231]"
"1"," A03路線下午        "
"1"," A03路線下午        "
"1","
"
"1"," [233]"
"1"," A03路線下午        "
"1"," A03路線下午        "
"1","
"
"1"," [235]"
"1"," A03路線下午        "
"1"," A03路線下午        "
"1","
"
"1"," [237]"
"1"," A03路線下午        "
"1"," A03路線下午        "
"1","
"
"1"," [239]"
"1"," A03路線下午        "
"1"," A03路線下午        "
"1","
"
"1"," [241]"
"1"," A03路線下午        "
"1"," A03路線下午        "
"1","
"
"1"," [243]"
"1"," A03路線下午        "
"1"," A03路線下午        "
"1","
"
"1"," [245]"
"1"," A03路線下午        "
"1"," A03路線下午        "
"1","
"
"1"," [247]"
"1"," A03路線下午        "
"1"," A03路線下午        "
"1","
"
"1"," [249]"
"1"," A03路線下午        "
"1"," A03路線下午        "
"1","
"
"1"," [251]"
"1"," A03路線下午        "
"1"," A03路線下午        "
"1","
"
"1"," [253]"
"1"," A03路線下午        "
"1"," A03路線下午        "
"1","
"
"1"," [255]"
"1"," A03路線下午        "
"1"," A03路線下午        "
"1","
"
"1"," [257]"
"1"," A03路線下午        "
"1"," A03路線下午        "
"1","
"
"1"," [259]"
"1"," A03路線下午        "
"1"," A03路線下午        "
"1","
"
"1"," [261]"
"1"," A03路線下午        "
"1"," A03路線下午        "
"1","
"
"1"," [263]"
"1"," A03路線下午        "
"1"," A03路線下午        "
"1","
"
"1"," [265]"
"1"," A03路線下午        "
"1"," A03路線下午        "
"1","
"
"1"," [267]"
"1"," A03路線下午        "
"1"," A03路線下午        "
"1","
"
"1"," [269]"
"1"," A03路線下午        "
"1"," A03路線下午        "
"1","
"
"1"," [271]"
"1"," A03路線下午        "
"1"," A03路線下午        "
"1","
"
"1"," [273]"
"1"," A03路線下午        "
"1"," A03路線下午        "
"1","
"
"1"," [275]"
"1"," A03路線下午        "
"1"," A03路線下午        "
"1","
"
"1"," [277]"
"1"," A03路線下午        "
"1"," A03路線下午        "
"1","
"
"1"," [279]"
"1"," A03路線下午        "
"1"," A03路線下午        "
"1","
"
"1"," [281]"
"1"," A03路線下午        "
"1"," A03路線下午        "
"1","
"
"1"," [283]"
"1"," A03路線下午        "
"1"," A03路線下午        "
"1","
"
"1"," [285]"
"1"," A03路線下午        "
"1"," A03路線下午        "
"1","
"
"1"," [287]"
"1"," A03路線下午        "
"1"," A03路線下午        "
"1","
"
"1"," [289]"
"1"," A03路線下午        "
"1"," A03路線下午        "
"1","
"
"1"," [291]"
"1"," A03路線下午        "
"1"," A03路線下午        "
"1","
"
"1"," [293]"
"1"," A03路線下午        "
"1"," A03路線下午        "
"1","
"
"1"," [295]"
"1"," A03路線下午        "
"1"," A03路線下午        "
"1","
"
"1"," [297]"
"1"," A04路線下午        "
"1"," A04路線下午        "
"1","
"
"1"," [299]"
"1"," A04路線下午        "
"1"," A04路線下午        "
"1","
"
"1"," [301]"
"1"," A04路線下午        "
"1"," A04路線下午        "
"1","
"
"1"," [303]"
"1"," A04路線下午        "
"1"," A04路線下午        "
"1","
"
"1"," [305]"
"1"," A04路線下午        "
"1"," A04路線下午        "
"1","
"
"1"," [307]"
"1"," A04路線下午        "
"1"," A04路線下午        "
"1","
"
"1"," [309]"
"1"," A04路線下午        "
"1"," A04路線下午        "
"1","
"
"1"," [311]"
"1"," A04路線下午        "
"1"," A04路線下午        "
"1","
"
"1"," [313]"
"1"," A04路線下午        "
"1"," A04路線下午        "
"1","
"
"1"," [315]"
"1"," A04路線下午        "
"1"," A04路線下午        "
"1","
"
"1"," [317]"
"1"," A04路線下午        "
"1"," A04路線下午        "
"1","
"
"1"," [319]"
"1"," A04路線下午        "
"1"," A04路線下午        "
"1","
"
"1"," [321]"
"1"," A04路線下午        "
"1"," A04路線下午        "
"1","
"
"1"," [323]"
"1"," A04路線下午        "
"1"," A04路線下午        "
"1","
"
"1"," [325]"
"1"," A04路線下午        "
"1"," A04路線下午        "
"1","
"
"1"," [327]"
"1"," A04路線下午        "
"1"," A04路線下午        "
"1","
"
"1"," [329]"
"1"," A04路線下午        "
"1"," A04路線下午        "
"1","
"
"1"," [331]"
"1"," A04路線下午        "
"1"," A04路線下午        "
"1","
"
"1"," [333]"
"1"," A04路線下午        "
"1"," A04路線下午        "
"1","
"
"1"," [335]"
"1"," A04路線下午        "
"1"," A04路線下午        "
"1","
"
"1"," [337]"
"1"," A04路線下午        "
"1"," A04路線下午        "
"1","
"
"1"," [339]"
"1"," A04路線下午        "
"1"," A04路線下午        "
"1","
"
"1"," [341]"
"1"," A04路線下午        "
"1"," A04路線下午        "
"1","
"
"1"," [343]"
"1"," A04路線下午        "
"1"," A04路線下午        "
"1","
"
"1"," [345]"
"1"," A04路線下午        "
"1"," A04路線下午        "
"1","
"
"1"," [347]"
"1"," A04路線下午        "
"1"," A04路線下午        "
"1","
"
"1"," [349]"
"1"," A04路線下午        "
"1"," A04路線下午        "
"1","
"
"1"," [351]"
"1"," A04路線下午        "
"1"," A04路線下午        "
"1","
"
"1"," [353]"
"1"," A04路線下午        "
"1"," A04路線下午        "
"1","
"
"1"," [355]"
"1"," A04路線下午        "
"1"," A04路線下午        "
"1","
"
"1"," [357]"
"1"," A04路線下午        "
"1"," A04路線下午        "
"1","
"
"1"," [359]"
"1"," A04路線下午        "
"1"," A04路線下午        "
"1","
"
"1"," [361]"
"1"," A04路線下午        "
"1"," A04路線下午        "
"1","
"
"1"," [363]"
"1"," A04路線下午        "
"1"," A04路線下午        "
"1","
"
"1"," [365]"
"1"," A04路線下午        "
"1"," A04路線下午        "
"1","
"
"1"," [367]"
"1"," A04路線下午        "
"1"," A04路線下午        "
"1","
"
"1"," [369]"
"1"," A04路線下午        "
"1"," A04路線下午        "
"1","
"
"1"," [371]"
"1"," A05路線下午        "
"1"," A05路線下午        "
"1","
"
"1"," [373]"
"1"," A05路線下午        "
"1"," A05路線下午        "
"1","
"
"1"," [375]"
"1"," A05路線下午        "
"1"," A05路線下午        "
"1","
"
"1"," [377]"
"1"," A05路線下午        "
"1"," A05路線下午        "
"1","
"
"1"," [379]"
"1"," A05路線下午        "
"1"," A05路線下午        "
"1","
"
"1"," [381]"
"1"," A05路線下午        "
"1"," A05路線下午        "
"1","
"
"1"," [383]"
"1"," A05路線下午        "
"1"," A05路線下午        "
"1","
"
"1"," [385]"
"1"," A05路線下午        "
"1"," A05路線下午        "
"1","
"
"1"," [387]"
"1"," A05路線下午        "
"1"," A05路線下午        "
"1","
"
"1"," [389]"
"1"," A05路線下午        "
"1"," A05路線下午        "
"1","
"
"1"," [391]"
"1"," A05路線下午        "
"1"," A05路線下午        "
"1","
"
"1"," [393]"
"1"," A05路線下午        "
"1"," A05路線下午        "
"1","
"
"1"," [395]"
"1"," A05路線下午        "
"1"," A05路線下午        "
"1","
"
"1"," [397]"
"1"," A05路線下午        "
"1"," A05路線下午        "
"1","
"
"1"," [399]"
"1"," A05路線下午        "
"1"," A05路線下午        "
"1","
"
"1"," [401]"
"1"," A05路線下午        "
"1"," A05路線下午        "
"1","
"
"1"," [403]"
"1"," A05路線下午        "
"1"," A05路線下午        "
"1","
"
"1"," [405]"
"1"," A05路線下午        "
"1"," A05路線下午        "
"1","
"
"1"," [407]"
"1"," A05路線下午        "
"1"," A05路線下午        "
"1","
"
"1"," [409]"
"1"," A05路線下午        "
"1"," A05路線下午        "
"1","
"
"1"," [411]"
"1"," A05路線下午        "
"1"," A05路線下午        "
"1","
"
"1"," [413]"
"1"," A05路線下午        "
"1"," A05路線下午        "
"1","
"
"1"," [415]"
"1"," A05路線下午        "
"1"," A05路線下午        "
"1","
"
"1"," [417]"
"1"," A05路線下午        "
"1"," A05路線下午        "
"1","
"
"1"," [419]"
"1"," A05路線下午        "
"1"," A05路線下午        "
"1","
"
"1"," [421]"
"1"," A05路線下午        "
"1"," A05路線下午        "
"1","
"
"1"," [423]"
"1"," A05路線下午        "
"1"," A05路線下午        "
"1","
"
"1"," [425]"
"1"," A05路線下午        "
"1"," A05路線下午        "
"1","
"
"1"," [427]"
"1"," A05路線下午        "
"1"," A05路線下午        "
"1","
"
"1"," [429]"
"1"," A05路線下午        "
"1"," A05路線下午        "
"1","
"
"1"," [431]"
"1"," A05路線下午        "
"1"," A05路線下午        "
"1","
"
"1"," [433]"
"1"," A05路線下午        "
"1"," A05路線下午        "
"1","
"
"1"," [435]"
"1"," A05路線下午        "
"1"," A05路線下午        "
"1","
"
"1"," [437]"
"1"," A05路線下午        "
"1"," A05路線下午        "
"1","
"
"1"," [439]"
"1"," A05路線下午        "
"1"," A05路線下午        "
"1","
"
"1"," [441]"
"1"," A05路線下午        "
"1"," A05路線下午        "
"1","
"
"1"," [443]"
"1"," A10路線下午        "
"1"," A10路線下午        "
"1","
"
"1"," [445]"
"1"," A10路線下午        "
"1"," A10路線下午        "
"1","
"
"1"," [447]"
"1"," A10路線下午        "
"1"," A10路線下午        "
"1","
"
"1"," [449]"
"1"," A10路線下午        "
"1"," A10路線下午        "
"1","
"
"1"," [451]"
"1"," A10路線下午        "
"1"," A10路線下午        "
"1","
"
"1"," [453]"
"1"," A10路線下午        "
"1"," A10路線下午        "
"1","
"
"1"," [455]"
"1"," A10路線下午        "
"1"," A10路線下午        "
"1","
"
"1"," [457]"
"1"," A10路線下午        "
"1"," A10路線下午        "
"1","
"
"1"," [459]"
"1"," A10路線下午        "
"1"," A10路線下午        "
"1","
"
"1"," [461]"
"1"," A10路線下午        "
"1"," A10路線下午        "
"1","
"
"1"," [463]"
"1"," A10路線下午        "
"1"," A10路線下午        "
"1","
"
"1"," [465]"
"1"," A10路線下午        "
"1"," A10路線下午        "
"1","
"
"1"," [467]"
"1"," A10路線下午        "
"1"," A10路線下午        "
"1","
"
"1"," [469]"
"1"," A10路線下午        "
"1"," A10路線下午        "
"1","
"
"1"," [471]"
"1"," A10路線下午        "
"1"," A10路線下午        "
"1","
"
"1"," [473]"
"1"," A10路線下午        "
"1"," A10路線下午        "
"1","
"
"1"," [475]"
"1"," A10路線下午        "
"1"," A10路線下午        "
"1","
"
"1"," [477]"
"1"," A10路線下午        "
"1"," A10路線下午        "
"1","
"
"1"," [479]"
"1"," A10路線下午        "
"1"," A10路線下午        "
"1","
"
"1"," [481]"
"1"," A10路線下午        "
"1"," A10路線下午        "
"1","
"
"1"," [483]"
"1"," A10路線下午        "
"1"," A10路線下午        "
"1","
"
"1"," [485]"
"1"," A10路線下午        "
"1"," A10路線下午        "
"1","
"
"1"," [487]"
"1"," A10路線下午        "
"1"," A10路線下午        "
"1","
"
"1"," [489]"
"1"," A10路線下午        "
"1"," A10路線下午        "
"1","
"
"1"," [491]"
"1"," A10路線下午        "
"1"," A10路線下午        "
"1","
"
"1"," [493]"
"1"," A10路線下午        "
"1"," A10路線下午        "
"1","
"
"1"," [495]"
"1"," A10路線下午        "
"1"," A10路線下午        "
"1","
"
"1"," [497]"
"1"," A10路線下午        "
"1"," A10路線下午        "
"1","
"
"1"," [499]"
"1"," A10路線下午        "
"1"," A10路線下午        "
"1","
"
"1"," [501]"
"1"," A10路線下午        "
"1"," A10路線下午        "
"1","
"
"1"," [503]"
"1"," A10路線下午        "
"1"," A10路線下午        "
"1","
"
"1"," [505]"
"1"," A10路線下午        "
"1"," A10路線下午        "
"1","
"
"1"," [507]"
"1"," A11路線(一、四)下午"
"1"," A11路線(一、四)下午"
"1","
"
"1"," [509]"
"1"," A11路線(一、四)下午"
"1"," A11路線(一、四)下午"
"1","
"
"1"," [511]"
"1"," A11路線(一、四)下午"
"1"," A11路線(一、四)下午"
"1","
"
"1"," [513]"
"1"," A11路線(一、四)下午"
"1"," A11路線(一、四)下午"
"1","
"
"1"," [515]"
"1"," A11路線(一、四)下午"
"1"," A11路線(一、四)下午"
"1","
"
"1"," [517]"
"1"," A11路線(一、四)下午"
"1"," A11路線(一、四)下午"
"1","
"
"1"," [519]"
"1"," A11路線(一、四)下午"
"1"," A11路線(一、四)下午"
"1","
"
"1"," [521]"
"1"," A11路線(一、四)下午"
"1"," A11路線(一、四)下午"
"1","
"
"1"," [523]"
"1"," A11路線(一、四)下午"
"1"," A11路線(一、四)下午"
"1","
"
"1"," [525]"
"1"," A11路線(一、四)下午"
"1"," A11路線(一、四)下午"
"1","
"
"1"," [527]"
"1"," A11路線(一、四)下午"
"1"," A11路線(一、四)下午"
"1","
"
"1"," [529]"
"1"," A11路線(一、四)下午"
"1"," A11路線(一、四)下午"
"1","
"
"1"," [531]"
"1"," A11路線(一、四)下午"
"1"," A11路線(一、四)下午"
"1","
"
"1"," [533]"
"1"," A11路線(一、四)下午"
"1"," A11路線(一、四)下午"
"1","
"
"1"," [535]"
"1"," A11路線(一、四)下午"
"1"," A11路線(一、四)下午"
"1","
"
"1"," [537]"
"1"," A11路線(一、四)下午"
"1"," A11路線(一、四)下午"
"1","
"
"1"," [539]"
"1"," A11路線(一、四)下午"
"1"," A11路線(一、四)下午"
"1","
"
"1"," [541]"
"1"," A11路線(一、四)下午"
"1"," A11路線(一、四)下午"
"1","
"
"1"," [543]"
"1"," A11路線(一、四)下午"
"1"," A11路線(一、四)下午"
"1","
"
"1"," [545]"
"1"," A11路線(一、四)下午"
"1"," A11路線(一、四)下午"
"1","
"
"1"," [547]"
"1"," A11路線(一、四)下午"
"1"," A11路線(一、四)下午"
"1","
"
"1"," [549]"
"1"," A11路線(一、四)下午"
"1"," A11路線(一、四)下午"
"1","
"
"1"," [551]"
"1"," A11路線(一、四)下午"
"1"," A11路線(一、四)下午"
"1","
"
"1"," [553]"
"1"," A11路線(一、四)下午"
"1"," A11路線(一、四)下午"
"1","
"
"1"," [555]"
"1"," A11路線(一、四)下午"
"1"," A11路線(一、四)下午"
"1","
"
"1"," [557]"
"1"," A11路線(一、四)下午"
"1"," A11路線(一、四)下午"
"1","
"
"1"," [559]"
"1"," A11路線(一、四)下午"
"1"," A11路線(一、四)下午"
"1","
"
"1"," [561]"
"1"," A11路線(一、四)下午"
"1"," A11路線(一、四)下午"
"1","
"
"1"," [563]"
"1"," A11路線(一、四)下午"
"1"," A11路線(一、四)下午"
"1","
"
"1"," [565]"
"1"," A11路線(一、四)下午"
"1"," A11路線(一、四)下午"
"1","
"
"1"," [567]"
"1"," A11路線(一、四)下午"
"1"," A11路線(一、四)下午"
"1","
"
"1"," [569]"
"1"," A11路線(一、四)下午"
"1"," A11路線(一、四)下午"
"1","
"
"1"," [571]"
"1"," A11路線(一、四)下午"
"1"," A11路線(一、四)下午"
"1","
"
"1"," [573]"
"1"," A11路線(一、四)下午"
"1"," A11路線(一、四)下午"
"1","
"
"1"," [575]"
"1"," A11路線(一、四)下午"
"1"," A11路線(一、四)下午"
"1","
"
"1"," [577]"
"1"," A11路線(一、四)下午"
"1"," A11路線(一、四)下午"
"1","
"
"1"," [579]"
"1"," A11路線(一、四)下午"
"1"," A11路線(一、四)下午"
"1","
"
"1"," [581]"
"1"," A11路線(一、四)下午"
"1"," A11路線(一、四)下午"
"1","
"
"1"," [583]"
"1"," A11路線(一、四)下午"
"1"," A11路線(一、四)下午"
"1","
"
"1"," [585]"
"1"," A11路線(一、四)下午"
"1"," A11路線(一、四)下午"
"1","
"
"1"," [587]"
"1"," A11路線(一、四)下午"
"1"," A11路線(一、四)下午"
"1","
"
"1"," [589]"
"1"," A12路線下午(1.4版) "
"1"," A12路線下午(1.4版) "
"1","
"
"1"," [591]"
"1"," A12路線下午(1.4版) "
"1"," A12路線下午(1.4版) "
"1","
"
"1"," [593]"
"1"," A12路線下午(1.4版) "
"1"," A12路線下午(1.4版) "
"1","
"
"1"," [595]"
"1"," A12路線下午(1.4版) "
"1"," A12路線下午(1.4版) "
"1","
"
"1"," [597]"
"1"," A12路線下午(1.4版) "
"1"," A12路線下午(1.4版) "
"1","
"
"1"," [599]"
"1"," A12路線下午(1.4版) "
"1"," A12路線下午(1.4版) "
"1","
"
"1"," [601]"
"1"," A12路線下午(1.4版) "
"1"," A12路線下午(1.4版) "
"1","
"
"1"," [603]"
"1"," A12路線下午(1.4版) "
"1"," A12路線下午(1.4版) "
"1","
"
"1"," [605]"
"1"," A12路線下午(1.4版) "
"1"," A12路線下午(1.4版) "
"1","
"
"1"," [607]"
"1"," A12路線下午(1.4版) "
"1"," A12路線下午(1.4版) "
"1","
"
"1"," [609]"
"1"," A12路線下午(1.4版) "
"1"," A12路線下午(1.4版) "
"1","
"
"1"," [611]"
"1"," A12路線下午(1.4版) "
"1"," A12路線下午(1.4版) "
"1","
"
"1"," [613]"
"1"," A12路線下午(1.4版) "
"1"," A12路線下午(1.4版) "
"1","
"
"1"," [615]"
"1"," A12路線下午(1.4版) "
"1"," A12路線下午(1.4版) "
"1","
"
"1"," [617]"
"1"," A12路線下午(1.4版) "
"1"," A12路線下午(1.4版) "
"1","
"
"1"," [619]"
"1"," A12路線下午(1.4版) "
"1"," A12路線下午(1.4版) "
"1","
"
"1"," [621]"
"1"," A12路線下午(1.4版) "
"1"," A12路線下午(1.4版) "
"1","
"
"1"," [623]"
"1"," A12路線下午(1.4版) "
"1"," A12路線下午(1.4版) "
"1","
"
"1"," [625]"
"1"," A12路線下午(1.4版) "
"1"," A12路線下午(1.4版) "
"1","
"
"1"," [627]"
"1"," A12路線下午(1.4版) "
"1"," A12路線下午(1.4版) "
"1","
"
"1"," [629]"
"1"," A12路線下午(1.4版) "
"1"," A12路線下午(1.4版) "
"1","
"
"1"," [631]"
"1"," A12路線下午(1.4版) "
"1"," A12路線下午(1.4版) "
"1","
"
"1"," [633]"
"1"," A12路線下午(1.4版) "
"1"," A12路線下午(1.4版) "
"1","
"
"1"," [635]"
"1"," A12路線下午(1.4版) "
"1"," A12路線下午(1.4版) "
"1","
"
"1"," [637]"
"1"," A12路線下午(1.4版) "
"1"," A12路線下午(1.4版) "
"1","
"
"1"," [639]"
"1"," A12路線下午(1.4版) "
"1"," A12路線下午(1.4版) "
"1","
"
"1"," [641]"
"1"," A12路線下午(1.4版) "
"1"," A12路線下午(1.4版) "
"1","
"
"1"," [643]"
"1"," A12路線下午(1.4版) "
"1"," A12路線下午(1.4版) "
"1","
"
"1"," [645]"
"1"," A12路線下午(1.4版) "
"1"," A12路線下午(1.4版) "
"1","
"
"1"," [647]"
"1"," A12路線下午(1.4版) "
"1"," A12路線下午(1.4版) "
"1","
"
"1"," [649]"
"1"," A12路線下午(1.4版) "
"1"," A12路線下午(1.4版) "
"1","
"
"1"," [651]"
"1"," A12路線下午(1.4版) "
"1"," A12路線下午(1.4版) "
"1","
"
"1"," [653]"
"1"," A12路線下午(1.4版) "
"1"," A12路線下午(1.4版) "
"1","
"
"1"," [655]"
"1"," A12路線下午(1.4版) "
"1"," A12路線下午(1.4版) "
"1","
"
"1"," [657]"
"1"," A12路線下午(1.4版) "
"1"," A12路線下午(1.4版) "
"1","
"
"1"," [659]"
"1"," A12路線下午(1.4版) "
"1"," A12路線下午(1.4版) "
"1","
"
"1"," [661]"
"1"," A12路線下午(1.4版) "
"1"," A12路線下午(1.4版) "
"1","
"
"1"," [663]"
"1"," A12路線下午(1.4版) "
"1"," A12路線下午(1.4版) "
"1","
"
"1"," [665]"
"1"," A12路線下午(1.4版) "
"1"," A12路線下午(1.4版) "
"1","
"
"1"," [667]"
"1"," A12路線下午(1.4版) "
"1"," A12路線下午(1.4版) "
"1","
"
"1"," [669]"
"1"," A12路線下午(1.4版) "
"1"," A12路線下午(1.4版) "
"1","
"
"1"," [671]"
"1"," A12路線下午(1.4版) "
"1"," A12路線下午(1.4版) "
"1","
"
"1"," [673]"
"1"," A12路線下午(1.4版) "
"1"," A12路線下午(1.4版) "
"1","
"
"1"," [675]"
"1"," A12路線下午(1.4版) "
"1"," A12路線下午(1.4版) "
"1","
"
"1"," [677]"
"1"," A12路線下午(1.4版) "
"1"," A12路線下午(1.4版) "
"1","
"
"1"," [679]"
"1"," A12路線下午(1.4版) "
"1"," A12路線下午(1.4版) "
"1","
"
"1"," [681]"
"1"," A12路線下午(1.4版) "
"1"," A12路線下午(1.4版) "
"1","
"
"1"," [683]"
"1"," A12路線下午(1.4版) "
"1"," A12路線下午(1.4版) "
"1","
"
"1"," [685]"
"1"," A12路線下午(1.4版) "
"1"," A12路線下午(1.4版) "
"1","
"
"1"," [687]"
"1"," A12路線下午(1.4版) "
"1"," A12路線下午(1.4版) "
"1","
"
"1"," [689]"
"1"," A12路線下午(1.4版) "
"1"," A12路線下午(1.4版) "
"1","
"
"1"," [691]"
"1"," A13路線下午        "
"1"," A13路線下午        "
"1","
"
"1"," [693]"
"1"," A13路線下午        "
"1"," A13路線下午        "
"1","
"
"1"," [695]"
"1"," A13路線下午        "
"1"," A13路線下午        "
"1","
"
"1"," [697]"
"1"," A13路線下午        "
"1"," A13路線下午        "
"1","
"
"1"," [699]"
"1"," A13路線下午        "
"1"," A13路線下午        "
"1","
"
"1"," [701]"
"1"," A13路線下午        "
"1"," A13路線下午        "
"1","
"
"1"," [703]"
"1"," A13路線下午        "
"1"," A13路線下午        "
"1","
"
"1"," [705]"
"1"," A13路線下午        "
"1"," A13路線下午        "
"1","
"
"1"," [707]"
"1"," A13路線下午        "
"1"," A13路線下午        "
"1","
"
"1"," [709]"
"1"," A13路線下午        "
"1"," A13路線下午        "
"1","
"
"1"," [711]"
"1"," A13路線下午        "
"1"," A13路線下午        "
"1","
"
"1"," [713]"
"1"," A13路線下午        "
"1"," A13路線下午        "
"1","
"
"1"," [715]"
"1"," A13路線下午        "
"1"," A13路線下午        "
"1","
"
"1"," [717]"
"1"," A13路線下午        "
"1"," A13路線下午        "
"1","
"
"1"," [719]"
"1"," A13路線下午        "
"1"," A13路線下午        "
"1","
"
"1"," [721]"
"1"," A13路線下午        "
"1"," A13路線下午        "
"1","
"
"1"," [723]"
"1"," A13路線下午        "
"1"," A13路線下午        "
"1","
"
"1"," [725]"
"1"," A13路線下午        "
"1"," A13路線下午        "
"1","
"
"1"," [727]"
"1"," A13路線下午        "
"1"," A13路線下午        "
"1","
"
"1"," [729]"
"1"," A13路線下午        "
"1"," A13路線下午        "
"1","
"
"1"," [731]"
"1"," A13路線下午        "
"1"," A13路線下午        "
"1","
"
"1"," [733]"
"1"," A13路線下午        "
"1"," A13路線下午        "
"1","
"
"1"," [735]"
"1"," A13路線下午        "
"1"," A13路線下午        "
"1","
"
"1"," [737]"
"1"," A13路線下午        "
"1"," A13路線下午        "
"1","
"
"1"," [739]"
"1"," A13路線下午        "
"1"," A13路線下午        "
"1","
"
"1"," [741]"
"1"," A13路線下午        "
"1"," A13路線下午        "
"1","
"
"1"," [743]"
"1"," A13路線下午        "
"1"," A13路線下午        "
"1","
"
"1"," [745]"
"1"," A13路線下午        "
"1"," A13路線下午        "
"1","
"
"1"," [747]"
"1"," A13路線下午        "
"1"," A13路線下午        "
"1","
"
"1"," [749]"
"1"," A13路線下午        "
"1"," A13路線下午        "
"1","
"
"1"," [751]"
"1"," A13路線下午        "
"1"," A13路線下午        "
"1","
"
"1"," [753]"
"1"," A13路線下午        "
"1"," A13路線下午        "
"1","
"
"1"," [755]"
"1"," A14路線下午        "
"1"," A14路線下午        "
"1","
"
"1"," [757]"
"1"," A14路線下午        "
"1"," A14路線下午        "
"1","
"
"1"," [759]"
"1"," A14路線下午        "
"1"," A14路線下午        "
"1","
"
"1"," [761]"
"1"," A14路線下午        "
"1"," A14路線下午        "
"1","
"
"1"," [763]"
"1"," A14路線下午        "
"1"," A14路線下午        "
"1","
"
"1"," [765]"
"1"," A14路線下午        "
"1"," A14路線下午        "
"1","
"
"1"," [767]"
"1"," A14路線下午        "
"1"," A14路線下午        "
"1","
"
"1"," [769]"
"1"," A14路線下午        "
"1"," A14路線下午        "
"1","
"
"1"," [771]"
"1"," A14路線下午        "
"1"," A14路線下午        "
"1","
"
"1"," [773]"
"1"," A14路線下午        "
"1"," A14路線下午        "
"1","
"
"1"," [775]"
"1"," A14路線下午        "
"1"," A14路線下午        "
"1","
"
"1"," [777]"
"1"," A14路線下午        "
"1"," A14路線下午        "
"1","
"
"1"," [779]"
"1"," A14路線下午        "
"1"," A14路線下午        "
"1","
"
"1"," [781]"
"1"," A14路線下午        "
"1"," A14路線下午        "
"1","
"
"1"," [783]"
"1"," A14路線下午        "
"1"," A14路線下午        "
"1","
"
"1"," [785]"
"1"," A14路線下午        "
"1"," A14路線下午        "
"1","
"
"1"," [787]"
"1"," A14路線下午        "
"1"," A14路線下午        "
"1","
"
"1"," [789]"
"1"," A14路線下午        "
"1"," A14路線下午        "
"1","
"
"1"," [791]"
"1"," A14路線下午        "
"1"," A14路線下午        "
"1","
"
"1"," [793]"
"1"," A14路線下午        "
"1"," A14路線下午        "
"1","
"
"1"," [795]"
"1"," A14路線下午        "
"1"," A14路線下午        "
"1","
"
"1"," [797]"
"1"," A14路線下午        "
"1"," A14路線下午        "
"1","
"
"1"," [799]"
"1"," A14路線下午        "
"1"," A14路線下午        "
"1","
"
"1"," [801]"
"1"," A14路線下午        "
"1"," A14路線下午        "
"1","
"
"1"," [803]"
"1"," A14路線下午        "
"1"," A14路線下午        "
"1","
"
"1"," [805]"
"1"," A14路線下午        "
"1"," A14路線下午        "
"1","
"
"1"," [807]"
"1"," A14路線下午        "
"1"," A14路線下午        "
"1","
"
"1"," [809]"
"1"," A14路線下午        "
"1"," A14路線下午        "
"1","
"
"1"," [811]"
"1"," A14路線下午        "
"1"," A14路線下午        "
"1","
"
"1"," [813]"
"1"," A14路線下午        "
"1"," A14路線下午        "
"1","
"
"1"," [815]"
"1"," A14路線下午        "
"1"," A14路線下午        "
"1","
"
"1"," [817]"
"1"," A14路線下午        "
"1"," A14路線下午        "
"1","
"
"1"," [819]"
"1"," A14路線下午        "
"1"," A14路線下午        "
"1","
"
"1"," [821]"
"1"," A14路線下午        "
"1"," A14路線下午        "
"1","
"
"1"," [823]"
"1"," A14路線下午        "
"1"," A14路線下午        "
"1","
"
"1"," [825]"
"1"," A14路線下午        "
"1"," A14路線下午        "
"1","
"
"1"," [827]"
"1"," A17路線下午        "
"1"," A17路線下午        "
"1","
"
"1"," [829]"
"1"," A17路線下午        "
"1"," A17路線下午        "
"1","
"
"1"," [831]"
"1"," A17路線下午        "
"1"," A17路線下午        "
"1","
"
"1"," [833]"
"1"," A17路線下午        "
"1"," A17路線下午        "
"1","
"
"1"," [835]"
"1"," A17路線下午        "
"1"," A17路線下午        "
"1","
"
"1"," [837]"
"1"," A17路線下午        "
"1"," A17路線下午        "
"1","
"
"1"," [839]"
"1"," A17路線下午        "
"1"," A17路線下午        "
"1","
"
"1"," [841]"
"1"," A17路線下午        "
"1"," A17路線下午        "
"1","
"
"1"," [843]"
"1"," A17路線下午        "
"1"," A17路線下午        "
"1","
"
"1"," [845]"
"1"," A17路線下午        "
"1"," A17路線下午        "
"1","
"
"1"," [847]"
"1"," A17路線下午        "
"1"," A17路線下午        "
"1","
"
"1"," [849]"
"1"," A17路線下午        "
"1"," A17路線下午        "
"1","
"
"1"," [851]"
"1"," A17路線下午        "
"1"," A17路線下午        "
"1","
"
"1"," [853]"
"1"," A17路線下午        "
"1"," A17路線下午        "
"1","
"
"1"," [855]"
"1"," A17路線下午        "
"1"," A17路線下午        "
"1","
"
"1"," [857]"
"1"," A17路線下午        "
"1"," A17路線下午        "
"1","
"
"1"," [859]"
"1"," A17路線下午        "
"1"," A17路線下午        "
"1","
"
"1"," [861]"
"1"," A17路線下午        "
"1"," A17路線下午        "
"1","
"
"1"," [863]"
"1"," A17路線下午        "
"1"," A17路線下午        "
"1","
"
"1"," [865]"
"1"," A17路線下午        "
"1"," A17路線下午        "
"1","
"
"1"," [867]"
"1"," A17路線下午        "
"1"," A17路線下午        "
"1","
"
"1"," [869]"
"1"," A17路線下午        "
"1"," A17路線下午        "
"1","
"
"1"," [871]"
"1"," A17路線下午        "
"1"," A17路線下午        "
"1","
"
"1"," [873]"
"1"," A17路線下午        "
"1"," A17路線下午        "
"1","
"
"1"," [875]"
"1"," A17路線下午        "
"1"," A17路線下午        "
"1","
"
"1"," [877]"
"1"," A17路線下午        "
"1"," A17路線下午        "
"1","
"
"1"," [879]"
"1"," A17路線下午        "
"1"," A17路線下午        "
"1","
"
"1"," [881]"
"1"," A17路線下午        "
"1"," A17路線下午        "
"1","
"
"1"," [883]"
"1"," A17路線下午        "
"1"," A17路線下午        "
"1","
"
"1"," [885]"
"1"," A17路線下午        "
"1"," A17路線下午        "
"1","
"
"1"," [887]"
"1"," A17路線下午        "
"1"," A19路線下午        "
"1","
"
"1"," [889]"
"1"," A19路線下午        "
"1"," A19路線下午        "
"1","
"
"1"," [891]"
"1"," A19路線下午        "
"1"," A19路線下午        "
"1","
"
"1"," [893]"
"1"," A19路線下午        "
"1"," A19路線下午        "
"1","
"
"1"," [895]"
"1"," A19路線下午        "
"1"," A19路線下午        "
"1","
"
"1"," [897]"
"1"," A19路線下午        "
"1"," A19路線下午        "
"1","
"
"1"," [899]"
"1"," A19路線下午        "
"1"," A19路線下午        "
"1","
"
"1"," [901]"
"1"," A19路線下午        "
"1"," A19路線下午        "
"1","
"
"1"," [903]"
"1"," A19路線下午        "
"1"," A19路線下午        "
"1","
"
"1"," [905]"
"1"," A19路線下午        "
"1"," A19路線下午        "
"1","
"
"1"," [907]"
"1"," A19路線下午        "
"1"," A19路線下午        "
"1","
"
"1"," [909]"
"1"," A19路線下午        "
"1"," A19路線下午        "
"1","
"
"1"," [911]"
"1"," A19路線下午        "
"1"," A19路線下午        "
"1","
"
"1"," [913]"
"1"," A19路線下午        "
"1"," A19路線下午        "
"1","
"
"1"," [915]"
"1"," A19路線下午        "
"1"," A19路線下午        "
"1","
"
"1"," [917]"
"1"," A19路線下午        "
"1"," A19路線下午        "
"1","
"
"1"," [919]"
"1"," A19路線下午        "
"1"," A19路線下午        "
"1","
"
"1"," [921]"
"1"," A19路線下午        "
"1"," A19路線下午        "
"1","
"
"1"," [923]"
"1"," A19路線下午        "
"1"," A19路線下午        "
"1","
"
"1"," [925]"
"1"," A19路線下午        "
"1"," A19路線下午        "
"1","
"
"1"," [927]"
"1"," A19路線下午        "
"1"," A19路線下午        "
"1","
"
"1"," [929]"
"1"," A19路線下午        "
"1"," A19路線下午        "
"1","
"
"1"," [931]"
"1"," A19路線下午        "
"1"," A19路線下午        "
"1","
"
"1"," [933]"
"1"," A19路線下午        "
"1"," A19路線下午        "
"1","
"
"1"," [935]"
"1"," A19路線下午        "
"1"," A19路線下午        "
"1","
"
"1"," [937]"
"1"," A19路線下午        "
"1"," A19路線下午        "
"1","
"
"1"," [939]"
"1"," A19路線下午        "
"1"," A19路線下午        "
"1","
"
"1"," [941]"
"1"," A19路線下午        "
"1"," A19路線下午        "
"1","
"
"1"," [943]"
"1"," A19路線下午        "
"1"," A19路線下午        "
"1","
"
"1"," [945]"
"1"," A19路線下午        "
"1"," A19路線下午        "
"1","
"
"1"," [947]"
"1"," A19路線下午        "
"1"," A19路線下午        "
"1","
"
"1"," [949]"
"1"," A19路線下午        "
"1"," A19路線下午        "
"1","
"
"1"," [951]"
"1"," A19路線下午        "
"1"," A19路線下午        "
"1","
"
"1"," [953]"
"1"," A19路線下午        "
"1"," A19路線下午        "
"1","
"
"1"," [955]"
"1"," A19路線下午        "
"1"," A19路線下午        "
"1","
"
"1"," [957]"
"1"," A19路線下午        "
"1"," A19路線下午        "
"1","
"
"1"," [959]"
"1"," A19路線下午        "
"1"," A19路線下午        "
"1","
"
"1"," [961]"
"1"," A19路線下午        "
"1"," A19路線下午        "
"1","
"
"1"," [963]"
"1"," A19路線下午        "
"1"," A19路線下午        "
"1","
"
"1"," [965]"
"1"," B01路線下午        "
"1"," B01路線下午        "
"1","
"
"1"," [967]"
"1"," B01路線下午        "
"1"," B01路線下午        "
"1","
"
"1"," [969]"
"1"," B01路線下午        "
"1"," B01路線下午        "
"1","
"
"1"," [971]"
"1"," B01路線下午        "
"1"," B01路線下午        "
"1","
"
"1"," [973]"
"1"," B01路線下午        "
"1"," B01路線下午        "
"1","
"
"1"," [975]"
"1"," B01路線下午        "
"1"," B01路線下午        "
"1","
"
"1"," [977]"
"1"," B01路線下午        "
"1"," B01路線下午        "
"1","
"
"1"," [979]"
"1"," B01路線下午        "
"1"," B01路線下午        "
"1","
"
"1"," [981]"
"1"," B01路線下午        "
"1"," B01路線下午        "
"1","
"
"1"," [983]"
"1"," B01路線下午        "
"1"," B01路線下午        "
"1","
"
"1"," [985]"
"1"," B01路線下午        "
"1"," B01路線下午        "
"1","
"
"1"," [987]"
"1"," B01路線下午        "
"1"," B01路線下午        "
"1","
"
"1"," [989]"
"1"," B01路線下午        "
"1"," B01路線下午        "
"1","
"
"1"," [991]"
"1"," B01路線下午        "
"1"," B01路線下午        "
"1","
"
"1"," [993]"
"1"," B01路線下午        "
"1"," B01路線下午        "
"1","
"
"1"," [995]"
"1"," B01路線下午        "
"1"," B01路線下午        "
"1","
"
"1"," [997]"
"1"," B01路線下午        "
"1"," B01路線下午        "
"1","
"
"1"," [999]"
"1"," B01路線下午        "
"1"," B01路線下午        "
"1","
"
"1"," [ reached getOption(""max.print"") -- omitted 490 entries ]
"
"1","28 "
"1","Levels: "
"1","金山1路線 晚上1 ... D路線晚上"
"1","
"
